seat,year,turnout,turnout_pc,voters
Panchagarh-1,2024,192579.0,44.08,436923.0
Panchagarh-1,2018,320597.0,84.54,379207.0
Panchagarh-1,2014,86046.0,26.16,328959.0
Panchagarh-1,2008,266812.0,91.7,291095.0
Panchagarh-1,2001,206827.0,86.15,240073.0
Panchagarh-1,1996,163986.0,81.81,200457.0
Panchagarh-1,1991,123699.0,62.1,199181.0
Panchagarh-2,2014,114652.0,40.0,
Panchagarh-2,2008,235845.0,93.0,
Panchagarh-2,2001,182274.0,85.1,
Panchagarh-2,1996,135342.0,76.7,
Panchagarh-2,1991,108146.0,60.4,
Thakurgaon-1,2008,304544.0,92.94,
Thakurgaon-1,2001,250979.0,87.7,
Thakurgaon-1,1996,184543.0,78.3,
Thakurgaon-1,1991,120165.0,69.5,
Thakurgaon-2,2008,202341.0,92.7,
Thakurgaon-2,2001,161128.0,87.9,
Thakurgaon-2,1996,114409.0,75.3,
Thakurgaon-2,1991,96489.0,65.5,
Thakurgaon-3,2014,99791.0,37.7,
Thakurgaon-3,2008,216275.0,91.4,
Thakurgaon-3,2001,178481.0,87.4,
Thakurgaon-3,1996,127623.0,77.4,
Thakurgaon-3,1991,118927.0,69.0,
Dinajpur-1,2014,149287.0,49.0,
Dinajpur-1,2008,252759.0,92.9,
Dinajpur-1,2001,197374.0,85.2,
Dinajpur-1,1996,143893.0,75.8,
Dinajpur-1,1991,116359.0,63.9,
Dinajpur-2,2008,228556.0,92.9,
Dinajpur-2,2001,186741.0,85.9,
Dinajpur-2,1996,143016.0,81.1,
Dinajpur-2,1991,123925.0,71.4,
Dinajpur-3,2014,99676.0,31.7,
Dinajpur-3,2008,249528.0,89.1,
Dinajpur-3,2001,198271.0,83.4,
Dinajpur-3,1996,152285.0,78.8,
Dinajpur-3,1991,118556.0,63.0,
Dinajpur-4,2014,69468.0,22.9,
Dinajpur-4,2008,252976.0,92.7,
Dinajpur-4,2001,207161.0,86.3,
Dinajpur-4,1996,145254.0,75.0,
Dinajpur-4,1991,123856.0,64.4,
Dinajpur-5,2014,96800.0,27.2,
Dinajpur-5,2008,291916.0,90.9,
Dinajpur-5,2001,244674.0,84.4,
Dinajpur-5,1996,177285.0,77.4,
Dinajpur-5,1991,144100.0,62.9,
Dinajpur-6,2014,118535.0,28.7,
Dinajpur-6,2008,342102.0,91.4,
Dinajpur-6,2001,278107.0,82.3,
Dinajpur-6,1996,206620.0,77.9,
Dinajpur-6,1991,153375.0,58.2,
Nilphamari-1,2014,97246.0,29.2,
Nilphamari-1,2008,258619.0,89.7,
Nilphamari-1,2001,199987.0,77.9,
Nilphamari-1,1996,150558.0,73.9,
Nilphamari-1,1991,129067.0,61.7,
Nilphamari-2,2018,262121.0,84.08,311735.0
Nilphamari-2,2008,220148.0,90.7,
Nilphamari-2,2001,183577.0,83.4,
Nilphamari-2,1996,135042.0,77.0,
Nilphamari-2,1991,105098.0,62.9,
Nilphamari-3,2014,99264.0,38.0,
Nilphamari-3,2008,214086.0,91.2,
Nilphamari-3,2001,168754.0,82.0,
Nilphamari-3,1996,119853.0,70.8,
Nilphamari-3,1991,111464.0,58.7,
Nilphamari-4,2008,224122.0,91.07,
Nilphamari-4,2001,172387.0,77.7,
Nilphamari-4,1996,136362.0,75.7,
Nilphamari-4,1991,102609.0,51.6,
Lalmonirhat-1,2014,191746.0,69.3,
Lalmonirhat-1,2008,219742.0,90.4,
Lalmonirhat-1,2001,174296.0,77.4,
Lalmonirhat-1,1996,138782.0,75.8,
Lalmonirhat-1,1991,111066.0,60.2,
Lalmonirhat-2,2008,232968.0,86.6,
Lalmonirhat-2,2001,175127.0,72.3,
Lalmonirhat-2,1996,137012.0,70.1,
Lalmonirhat-2,1991,111791.0,55.1,
Lalmonirhat-3,2014,60254.0,26.9,
Lalmonirhat-3,2008,174958.0,88.3,
Lalmonirhat-3,2001,141148.0,75.2,
Lalmonirhat-3,1996,110732.0,75.5,
Lalmonirhat-3,1991,84939.0,59.0,
Rangpur-1,2008,208624.0,85.2,
Rangpur-1,2001,174655.0,76.6,
Rangpur-1,1996,121294.0,68.7,
Rangpur-1,1991,88547.0,54.3,
Rangpur-2,2008,219884.0,87.7,
Rangpur-2,2001,188996.0,82.0,
Rangpur-2,1996,140333.0,77.3,
Rangpur-2,1991,110647.0,59.2,
Rangpur-3,2014,81039.0,17.8,
Rangpur-3,2008,267221.0,80.1,
Rangpur-3,2001,208872.0,72.3,
Rangpur-3,1996,151390.0,69.3,
Rangpur-3,1991,127997.0,60.5,
Rangpur-4,2014,119068.0,32.3,
Rangpur-4,2008,291576.0,92.8,
Rangpur-4,2001,245144.0,80.6,
Rangpur-4,1996,182251.0,80.8,
Rangpur-4,1991,160754.0,66.9,
Rangpur-5,2008,283775.0,90.4,
Rangpur-5,2001,233833.0,82.5,
Rangpur-5,1996,169570.0,74.1,
Rangpur-5,1991,141557.0,61.3,
Rangpur-6,2014,153558.0,58.4,
Rangpur-6,2008,213219.0,90.0,
Rangpur-6,2001,174891.0,81.1,
Rangpur-6,1996,116569.0,68.3,
Rangpur-6,1991,91766.0,55.4,
Kurigram-1,2014,106833.0,26.0,
Kurigram-1,2008,321168.0,88.0,
Kurigram-1,2001,253180.0,78.5,
Kurigram-1,1996,167293.0,66.9,
Kurigram-1,1991,119756.0,46.1,
Kurigram-2,2009,213721.0,64.3,
Kurigram-2,2008,288032.0,86.7,
Kurigram-2,2001,248275.0,73.0,
Kurigram-2,1996,191232.0,72.6,
Kurigram-2,1991,139762.0,50.5,
Kurigram-3,2018,162493.0,44.3,
Kurigram-3,2008,249662.0,83.5,
Kurigram-3,2001,168060.0,71.1,
Kurigram-3,1996,105007.0,58.1,
Kurigram-3,1996,112194.0,62.1,
Kurigram-3,1991,86544.0,43.5,
Kurigram-4,2014,59514.0,29.3,
Kurigram-4,2008,196512.0,86.0,
Kurigram-4,2001,154391.0,72.6,
Kurigram-4,1996,105621.0,65.2,
Kurigram-4,1991,75272.0,40.9,
Gaibandha-1,2018,148914.0,44.0,
Gaibandha-1,2014,133354.0,44.0,
Gaibandha-1,2008,233886.0,87.3,
Gaibandha-1,2001,184335.0,70.9,
Gaibandha-1,1996,129564.0,67.4,
Gaibandha-1,1991,104727.0,46.3,
Gaibandha-2,1991,120594.0,58.85,204906.0
Gaibandha-3,2014,147759.0,40.0,
Gaibandha-3,2008,283561.0,86.8,
Gaibandha-3,2001,241038.0,77.6,
Gaibandha-3,1996,176090.0,71.3,
Gaibandha-3,1991,138258.0,55.4,
Gaibandha-4,2014,163160.0,46.3,
Gaibandha-4,2008,278881.0,89.5,
Gaibandha-4,2001,234510.0,80.5,
Gaibandha-4,1996,173220.0,74.5,
Gaibandha-4,1991,124488.0,55.4,
Gaibandha-5,2023,129612.0,38.23,
Gaibandha-5,2008,220694.0,88.6,
Gaibandha-5,2001,180680.0,72.4,
Gaibandha-5,1996,134105.0,72.4,
Gaibandha-5,1991,110024.0,52.7,
Joypurhat-1,2008,298074.0,90.9,
Joypurhat-1,2001,250514.0,85.1,
Joypurhat-1,1996,210400.0,83.6,
Joypurhat-1,1991,155518.0,66.7,
Joypurhat-2,2008,232008.0,92.4,
Joypurhat-2,2001,197112.0,86.8,
Joypurhat-2,1996,160455.0,83.3,
Joypurhat-2,1991,118282.0,64.6,
Bogra-1,2008,249652.0,90.2,
Bogra-1,2001,196989.0,71.5,
Bogra-1,1996,146394.0,72.0,
Bogra-1,1991,135195.0,52.1,
Bogra-2,2008,224306.0,92.1,
Bogra-2,2001,183167.0,84.9,
Bogra-2,1996,144122.0,80.6,
Bogra-2,1991,100009.0,58.6,
Bogra-3,2008,212893.0,90.0,
Bogra-3,2001,180247.0,86.3,
Bogra-3,1996,148855.0,85.8,
Bogra-3,1991,117406.0,68.0,
Bogra-4,2014,35692.0,12.6,
Bogra-4,2008,231589.0,90.9,
Bogra-4,2001,195496.0,86.4,
Bogra-4,1996,149951.0,82.5,
Bogra-4,1991,120165.0,69.5,
Bogra-5,2008,328762.0,91.6,
Bogra-5,2001,286278.0,77.6,
Bogra-5,1996,228879.0,80.8,
Bogra-5,1991,173861.0,62.1,
Bogra-6,2008,270686.0,86.6,
Bogra-6,2001,289418.0,76.4,
Bogra-6,1996,232075.0,78.2,
Bogra-6,1991,176032.0,64.4,
Bogra-7,2014,27983.0,6.6,
Bogra-7,2008,326958.0,88.0,
Bogra-7,2001,186852.0,83.2,
Bogra-7,1996,149021.0,79.5,
Bogra-7,1991,125379.0,66.8,
Chapai Nawabganj-1,2008,305877.0,92.8,
Chapai Nawabganj-1,2001,248995.0,89.7,
Chapai Nawabganj-1,1996,200730.0,86.1,
Chapai Nawabganj-1,1991,174929.0,76.9,
Chapai Nawabganj-3,2008,261906.0,88.0,
Chapai Nawabganj-3,2001,217234.0,84.1,
Chapai Nawabganj-3,1996,179046.0,82.8,
Chapai Nawabganj-3,1991,165042.0,71.1,
Naogaon-2,2008,248986.0,94.4,
Naogaon-2,2001,205804.0,89.1,
Naogaon-2,1996,159954.0,83.6,
Naogaon-2,1991,129067.0,70.2,
Naogaon-3,2014,120903.0,34.7,
Naogaon-3,2008,294226.0,94.0,
Naogaon-3,2001,250018.0,88.1,
Naogaon-3,1996,203223.0,85.4,
Naogaon-3,1991,169265.0,71.6,
Naogaon-4,2014,75935.0,28.9,
Naogaon-4,2008,219412.0,93.6,
Naogaon-4,2001,184828.0,88.3,
Naogaon-4,1996,146986.0,84.9,
Naogaon-4,1991,120154.0,72.9,
Naogaon-5,2014,81612.0,28.8,
Naogaon-5,2008,227710.0,89.7,
Naogaon-5,2001,192739.0,84.9,
Naogaon-5,1996,159168.0,85.7,
Naogaon-5,1991,135297.0,73.5,
Naogaon-6,2008,217975.0,91.5,
Naogaon-6,2001,187356.0,87.0,
Naogaon-6,1996,150039.0,85.2,
Naogaon-6,1991,132969.0,73.9,
Rajshahi-1,2008,276602.0,93.0,
Rajshahi-1,2001,221139.0,88.6,
Rajshahi-1,1996,176102.0,87.1,
Rajshahi-1,1991,144382.0,74.3,
Rajshahi-2,2008,206758.0,79.9,
Rajshahi-2,2001,296106.0,81.5,
Rajshahi-2,1996,246606.0,84.1,
Rajshahi-2,1991,186689.0,74.3,
Rajshahi-3,2014,81966.0,25.6,
Rajshahi-3,2008,269163.0,92.9,
Rajshahi-3,2001,247406.0,86.4,
Rajshahi-3,1996,198141.0,83.8,
Rajshahi-3,1991,154380.0,68.8,
Rajshahi-4,2024,167700.0,54.74,
Rajshahi-4,2018,207281.0,74.56,
Rajshahi-4,2008,214401.0,93.3,
Rajshahi-4,2001,195453.0,92.2,
Rajshahi-4,1996,150178.0,88.0,
Rajshahi-4,1991,123841.0,76.8,
Rajshahi-5,2008,234174.0,94.6,
Rajshahi-5,2001,194352.0,85.8,
Rajshahi-5,1996,158675.0,87.6,
Rajshahi-5,1991,130305.0,76.5,
Rajshahi-6,2014,91573.0,33.4,
Rajshahi-6,2008,226892.0,91.6,
Natore-1,2008,231980.0,92.3,
Natore-1,2001,194657.0,87.9,
Natore-1,1996,161207.0,90.1,
Natore-1,1991,137712.0,78.6,
Natore-2,2008,249781.0,91.1,
Natore-2,2001,208956.0,87.9,
Natore-2,1996,164691.0,86.1,
Natore-2,1991,134735.0,73.6,
Natore-3,2014,93715.0,37.9,
Natore-3,2008,209623.0,93.5,
Natore-3,2001,170970.0,87.4,
Natore-3,1996,121059.0,80.5,
Natore-3,1991,105942.0,69.5,
Natore-4,2008,279824.0,93.1,
Natore-4,2001,232415.0,86.6,
Natore-4,1996,178285.0,84.2,
Natore-4,1991,153351.0,72.9,
Sirajganj-1,2008,220352.0,85.6,
Sirajganj-1,2001,142200.0,65.3,
Sirajganj-1,1996,60179.0,44.0,
Sirajganj-1,1996,91807.0,67.0,
Sirajganj-1,1991,78853.0,41.2,
Sirajganj-2,2008,267863.0,87.7,
Sirajganj-2,2001,251809.0,77.1,
Sirajganj-2,1996,177637.0,79.8,
Sirajganj-2,1991,142726.0,55.9,
Sirajganj-3,2008,277009.0,92.8,
Sirajganj-3,2001,227942.0,84.4,
Sirajganj-3,1996,166879.0,79.0,
Sirajganj-3,1991,120882.0,58.7,
Sirajganj-5,2014,99255.0,32.7,
Sirajganj-5,2008,242069.0,89.0,
Sirajganj-5,2001,180809.0,66.5,
Sirajganj-5,1996,140695.0,75.3,
Sirajganj-5,1991,115218.0,52.5,
Pabna-1,2014,113362.0,34.0,
Pabna-1,2008,269629.0,91.2,
Pabna-1,2001,235759.0,81.8,
Pabna-1,1996,176682.0,84.2,
Pabna-1,1991,151158.0,65.4,
Pabna-2,2008,211730.0,90.1,
Pabna-2,2001,184852.0,78.4,
Pabna-2,1996,140185.0,82.7,
Pabna-2,1991,121840.0,58.6,
Pabna-3,2014,114988.0,31.9,
Pabna-3,2008,296241.0,91.2,
Pabna-3,2001,252815.0,84.2,
Pabna-3,1996,185874.0,83.7,
Pabna-3,1991,167943.0,68.5,
Pabna-4,2008,253924.0,91.6,
Pabna-4,2001,222743.0,83.1,
Pabna-4,1996,164215.0,82.8,
Pabna-4,1991,143643.0,68.8,
Pabna-5,2008,305023.0,87.7,
Pabna-5,2001,251666.0,74.8,
Pabna-5,1996,190164.0,77.9,
Pabna-5,1991,159751.0,59.8,
Meherpur-1,2014,94065.0,37.8,
Meherpur-1,2008,202499.0,90.6,
Meherpur-1,2001,179143.0,89.3,
Meherpur-1,1999,44134.0,25.7,
Meherpur-1,1996,138088.0,87.1,
Meherpur-1,1991,112405.0,75.9,
Meherpur-2,2014,84582.0,40.6,
Meherpur-2,2008,171392.0,93.1,
Meherpur-2,2001,156396.0,88.1,
Meherpur-2,1996,120021.0,86.1,
Meherpur-2,1991,94529.0,74.1,
Kushtia-1,2014,115437.0,37.7,
Kushtia-1,2008,249316.0,91.2,
Kushtia-1,2001,220822.0,86.0,
Kushtia-1,1996,169893.0,88.7,
Kushtia-1,1991,148472.0,72.4,
Kushtia-2,2008,289606.0,91.4,
Kushtia-2,2001,252714.0,86.7,
Kushtia-2,1996,194740.0,84.9,
Kushtia-2,1991,141672.0,60.4,
Kushtia-3,2014,111988.0,33.6,
Kushtia-3,2008,268015.0,88.5,
Kushtia-3,2001,227257.0,82.8,
Kushtia-3,1996,183262.0,84.3,
Kushtia-3,1991,147578.0,68.6,
Kushtia-4,2014,123234.0,39.4,
Kushtia-4,2008,253114.0,91.1,
Kushtia-4,2001,219248.0,83.9,
Kushtia-4,1996,170852.0,84.4,
Kushtia-4,1991,150688.0,68.9,
Chuadanga-1,2014,165242.0,41.6,
Chuadanga-1,2008,327288.0,92.1,
Chuadanga-1,2001,273492.0,87.0,
Chuadanga-1,1996,215684.0,84.6,
Chuadanga-1,1991,159748.0,68.6,
Chuadanga-2,2014,126415.0,34.3,
Chuadanga-2,2008,304957.0,92.7,
Chuadanga-2,2001,257299.0,89.1,
Chuadanga-2,1996,194211.0,85.3,
Chuadanga-2,1991,135671.0,64.0,
Jhenaidah-1,2014,131230.0,52.8,
Jhenaidah-1,2008,205242.0,92.3,
Jhenaidah-1,2001,186145.0,85.5,
Jhenaidah-1,1996,153340.0,87.6,
Jhenaidah-1,1991,129651.0,71.8,
Jhenaidah-2,2014,121086.0,32.0,
Jhenaidah-2,2008,311842.0,91.4,
Jhenaidah-2,2001,266218.0,85.7,
Jhenaidah-2,1996,205282.0,84.4,
Jhenaidah-2,1991,160747.0,66.0,
Jhenaidah-3,2014,48501.0,15.3,
Jhenaidah-3,2008,261183.0,94.2,
Jhenaidah-3,2001,219923.0,88.7,
Jhenaidah-3,1996,176655.0,88.8,
Jhenaidah-3,1991,140546.0,74.0,
Jhenaidah-4,2014,108876.0,43.1,
Jhenaidah-4,2008,207917.0,91.6,
Jhenaidah-4,2001,173447.0,85.3,
Jhenaidah-4,1996,132569.0,80.8,
Jhenaidah-4,1991,111848.0,69.2,
Jessore-1,2008,183434.0,92.9,
Jessore-1,2001,161810.0,88.8,
Jessore-1,1996,123167.0,85.7,
Jessore-1,1991,98134.0,74.3,
Jessore-2,2014,142134.0,39.5,
Jessore-2,2008,291693.0,93.7,
Jessore-2,2001,263559.0,89.7,
Jessore-2,1996,203159.0,88.0,
Jessore-2,1991,165068.0,72.2,
Jessore-3,2008,292094.0,84.1,
Jessore-3,2001,293471.0,81.4,
Jessore-3,1996,233230.0,81.4,
Jessore-3,1991,176507.0,69.0,
Jessore-4,2014,113222.0,33.4,
Jessore-4,2008,203267.0,91.2,
Jessore-4,2001,240035.0,86.2,
Jessore-4,1996,190565.0,84.0,
Jessore-4,1991,160598.0,70.3,
Jessore-5,2014,136842.0,47.8,
Jessore-5,2008,227825.0,93.3,
Jessore-5,2001,211334.0,88.0,
Jessore-5,1996,165410.0,85.1,
Jessore-5,1991,139975.0,71.6,
Jessore-6,2014,56598.0,32.5,
Jessore-6,2008,289756.0,91.0,
Jessore-6,2001,127677.0,90.0,
Jessore-6,1996,100720.0,85.1,
Jessore-6,1991,82679.0,74.5,
Magura-1,2015,107582.0,33.2,
Magura-1,2014,102573.0,33.4,
Magura-1,2008,251206.0,91.1,
Magura-1,2001,210517.0,84.0,
Magura-1,1996,165198.0,83.5,
Magura-1,1991,150453.0,72.6,
Magura-2,2014,104932.0,35.9,
Magura-2,2008,235748.0,91.2,
Magura-2,2001,211767.0,85.6,
Magura-2,1996,161013.0,84.3,
Magura-2,1991,139958.0,68.1,
Narail-1,2008,161783.0,88.4,
Narail-1,2002,86343.0,46.6,
Narail-1,2001,143124.0,76.2,
Narail-1,1996,111024.0,74.7,
Narail-1,1991,102758.0,55.2,
Narail-2,2018,282339.0,88.83,317844.0
Narail-2,2014,117437.0,43.1,
Narail-2,2008,209643.0,87.4,
Narail-2,2002,142522.0,57.9,
Narail-2,2001,193123.0,78.0,
Narail-2,1996,142194.0,78.2,
Narail-2,1991,132120.0,60.0,
Bagerhat-1,2008,209322.0,89.4,
Bagerhat-1,2001,189157.0,81.8,
Bagerhat-1,1996,150617.0,82.8,
Bagerhat-1,1991,128668.0,59.8,
Bagerhat-2,2008,204510.0,89.0,
Bagerhat-2,2001,180454.0,82.3,
Bagerhat-2,1996,146309.0,82.0,
Bagerhat-2,1991,127664.0,61.3,
Bagerhat-3,2008,166640.0,89.3,
Bagerhat-3,2001,150944.0,80.5,
Bagerhat-3,1996,118888.0,76.8,
Bagerhat-3,1991,99223.0,56.6,
Khulna-1,2014,103113.0,44.8,
Khulna-1,2008,195379.0,89.7,
Khulna-1,2001,151258.0,84.2,
Khulna-1,1996,116426.0,80.4,
Khulna-1,1991,94004.0,66.3,
Khulna-2,2014,72666.0,27.6,
Khulna-2,2008,181816.0,76.3,
Khulna-2,2001,158912.0,73.3,
Khulna-2,1996,139285.0,82.1,
Khulna-2,1991,93519.0,50.9,
Khulna-3,2014,52886.0,29.6,
Khulna-3,2008,143180.0,78.3,
Khulna-3,2001,138486.0,75.7,
Khulna-3,1996,118555.0,78.0,
Khulna-3,1991,96424.0,56.9,
Khulna-4,2008,215776.0,88.9,
Khulna-4,2001,190038.0,81.0,
Khulna-4,1996,148540.0,78.8,
Khulna-4,1991,119689.0,58.3,
Khulna-5,2008,255058.0,91.2,
Khulna-5,2001,213344.0,87.4,
Khulna-5,1996,169494.0,84.6,
Khulna-5,1991,145905.0,71.3,
Khulna-6,2008,250834.0,89.1,
Khulna-6,2001,224786.0,88.0,
Khulna-6,1996,173339.0,82.9,
Khulna-6,1991,144084.0,68.3,
Satkhira-1,2014,115813.0,30.5,
Satkhira-1,2008,311236.0,92.7,
Satkhira-1,2001,272448.0,89.9,
Satkhira-1,1996,220510.0,86.7,
Satkhira-1,1991,184250.0,75.4,
Satkhira-2,2014,50274.0,16.0,
Satkhira-2,2008,251301.0,90.0,
Satkhira-2,2001,207106.0,86.9,
Satkhira-2,1996,169355.0,85.9,
Satkhira-2,1991,117951.0,69.3,
Satkhira-3,2008,279858.0,90.5,
Satkhira-3,2001,133739.0,89.4,
Satkhira-3,1996,102549.0,81.4,
Satkhira-3,1991,95570.0,67.9,
Satkhira-4,2008,270145.0,88.9,
Satkhira-4,2001,193188.0,89.3,
Satkhira-4,1996,154732.0,86.3,
Satkhira-4,1991,130173.0,75.2,
Barguna-1,2014,150771.0,41.9,
Barguna-1,2008,261479.0,82.3,
Barguna-1,2001,149356.0,62.6,
Barguna-1,1996,115246.0,65.9,
Barguna-1,1991,110705.0,45.3,
Barguna-2,2014,136228.0,58.8,
Barguna-2,2008,173317.0,85.5,
Barguna-2,2001,92360.0,69.1,
Barguna-2,1996,80535.0,75.1,
Barguna-2,1991,69037.0,54.1,
Patuakhali-1,2014,115092.0,34.5,
Patuakhali-1,2008,206769.0,83.4,
Patuakhali-1,2001,194174.0,61.3,
Patuakhali-1,1996,135103.0,62.0,
Patuakhali-1,1991,111553.0,36.7,
Patuakhali-2,2008,179409.0,83.6,
Patuakhali-2,2001,147541.0,65.1,
Patuakhali-2,1996,98907.0,69.4,
Patuakhali-2,1991,88516.0,41.7,
Patuakhali-3,2014,157434.0,62.5,
Patuakhali-3,2008,196872.0,85.3,
Patuakhali-3,2001,149457.0,61.4,
Patuakhali-3,1996,96113.0,61.6,
Patuakhali-3,1991,94983.0,38.8,
Patuakhali-4,2008,165797.0,88.8,
Patuakhali-4,2001,133855.0,69.6,
Patuakhali-4,1996,89484.0,70.2,
Patuakhali-4,1991,77398.0,49.6,
Bhola-1,2008,178757.0,77.4,
Bhola-1,2001,154536.0,61.2,
Bhola-1,1996,111793.0,66.2,
Bhola-1,1991,98003.0,47.7,
Bhola-2,2014,165258.0,65.2,
Bhola-2,2008,183655.0,83.3,
Bhola-2,2001,138856.0,51.0,
Bhola-2,1996,96477.0,62.2,
Bhola-2,1991,79807.0,30.2,
Bhola-3,2018,149885.0,69.7,
Bhola-3,2014,180734.0,71.0,
Bhola-3,2010,136531.0,67.1,
Bhola-3,2008,182003.0,84.7,
Bhola-3,2001,149948.0,59.1,
Bhola-3,1996,120120.0,70.8,
Bhola-3,1991,82216.0,41.7,
Bhola-4,2008,231580.0,84.5,
Bhola-4,2001,156961.0,57.3,
Bhola-4,1996,115627.0,66.2,
Bhola-4,1991,71877.0,34.5,
Barisal-1,2008,171785.0,87.0,
Barisal-1,2001,150347.0,76.5,
Barisal-1,1996,116175.0,77.2,
Barisal-1,1991,117021.0,60.6,
Barisal-2,2014,143845.0,55.6,
Barisal-2,2008,194969.0,86.4,
Barisal-2,2001,158438.0,64.8,
Barisal-2,1996,120035.0,69.4,
Barisal-2,1991,109981.0,45.8,
Barisal-3,2014,59009.0,27.2,
Barisal-3,2008,151208.0,82.8,
Barisal-3,2001,128469.0,64.8,
Barisal-3,1996,97028.0,71.7,
Barisal-3,1991,80487.0,37.7,
Barisal-4,2014,186307.0,67.9,
Barisal-4,2008,200275.0,84.8,
Barisal-4,2001,97379.0,52.6,
Barisal-4,1996,93952.0,72.3,
Barisal-4,1991,73104.0,37.7,
Barisal-5,2014,191028.0,55.8,
Barisal-5,2008,234742.0,79.9,
Barisal-5,2001,181737.0,63.8,
Barisal-5,1996,154749.0,73.7,
Barisal-5,1991,119194.0,47.9,
Barisal-6,2008,151483.0,82.6,
Barisal-6,2001,135456.0,60.1,
Barisal-6,1996,100519.0,68.2,
Barisal-6,1991,103838.0,45.8,
Jhalokati-1,2014,95198.0,61.6,
Jhalokati-1,2008,114192.0,83.3,
Jhalokati-1,2001,103146.0,64.1,
Jhalokati-1,1996,82071.0,72.9,
Jhalokati-1,1991,69360.0,43.2,
Jhalokati-2,2008,184702.0,84.4,
Jhalokati-2,2001,157340.0,65.5,
Jhalokati-2,1996,127038.0,74.8,
Jhalokati-2,1991,119882.0,44.2,
Pirojpur-1,2008,208289.0,87.1,
Pirojpur-1,2001,192338.0,76.4,
Pirojpur-1,1996,150741.0,77.3,
Pirojpur-1,1991,121702.0,52.3,
Pirojpur-2,2008,196457.0,84.4,
Pirojpur-2,2001,76522.0,53.7,
Pirojpur-2,1996,53063.0,53.0,
Pirojpur-2,1996,64507.0,64.5,
Pirojpur-2,1991,65469.0,45.3,
Pirojpur-3,2014,54985.0,32.5,
Pirojpur-3,2008,136267.0,85.0,
Pirojpur-3,2001,111747.0,70.3,
Pirojpur-3,1996,79968.0,69.8,
Pirojpur-3,1991,73917.0,47.9,
Tangail-1,2008,260291.0,90.0,
Tangail-1,2001,196107.0,74.8,
Tangail-1,1996,152028.0,76.6,
Tangail-1,1991,97440.0,52.8,
Tangail-2,2014,148776.0,47.7,
Tangail-2,2008,251214.0,88.7,
Tangail-2,2001,216323.0,75.9,
Tangail-2,1996,167089.0,75.6,
Tangail-2,1991,146182.0,57.2,
Tangail-3,2012,154023.0,56.8,
Tangail-3,2008,227581.0,87.4,
Tangail-3,2001,192997.0,78.7,
Tangail-3,1996,146865.0,79.4,
Tangail-3,1991,119769.0,60.2,
Tangail-4,2017,197974.0,64.3,
Tangail-4,2008,227468.0,90.2,
Tangail-4,2001,189452.0,78.1,
Tangail-4,1996,154503.0,85.8,
Tangail-4,1991,133355.0,64.2,
Tangail-5,2014,128002.0,37.6,
Tangail-5,2008,261924.0,85.6,
Tangail-5,2001,299761.0,76.6,
Tangail-5,1996,239981.0,77.8,
Tangail-5,1991,192851.0,57.9,
Tangail-6,2014,80913.0,23.3,
Tangail-6,2008,273831.0,87.4,
Tangail-6,2001,129330.0,71.0,
Tangail-6,1996,90927.0,70.0,
Tangail-6,1991,84582.0,50.3,
Tangail-7,2008,222783.0,86.4,
Tangail-7,2001,187766.0,80.5,
Tangail-7,1996,145624.0,79.6,
Tangail-7,1991,118502.0,58.5,
Tangail-8,2008,240538.0,88.8,
Tangail-8,2001,188732.0,71.0,
Tangail-8,1996,160129.0,78.4,
Tangail-8,1991,129740.0,54.8,
Jamalpur-1,2014,49816.0,16.5,
Jamalpur-1,2008,237291.0,80.7,
Jamalpur-1,2001,202284.0,75.8,
Jamalpur-1,1996,132475.0,68.6,
Jamalpur-1,1991,85097.0,38.2,
Jamalpur-2,2014,116189.0,59.4,
Jamalpur-2,2008,178596.0,87.6,
Jamalpur-2,2001,131211.0,66.6,
Jamalpur-2,1996,96018.0,67.5,
Jamalpur-2,1991,81514.0,46.8,
Jamalpur-3,2008,272485.0,88.3,
Jamalpur-3,2001,244666.0,74.0,
Jamalpur-3,1996,161038.0,63.9,
Jamalpur-3,1991,122714.0,44.7,
Jamalpur-4,2014,66379.0,24.9,
Jamalpur-4,2008,212928.0,88.8,
Jamalpur-4,2001,161478.0,76.8,
Jamalpur-4,1996,123113.0,74.8,
Jamalpur-4,1991,82941.0,54.0,
Jamalpur-5,2014,20297.0,5.4,
Jamalpur-5,2008,289684.0,85.5,
Jamalpur-5,2001,269875.0,77.6,
Jamalpur-5,1996,216371.0,76.2,
Jamalpur-5,1991,145264.0,48.8,
Sherpur-1,2014,213794.0,67.5,
Sherpur-1,2008,247714.0,86.6,
Sherpur-1,2001,197833.0,71.4,
Sherpur-1,1996,136238.0,66.9,
Sherpur-1,1991,113941.0,50.0,
Sherpur-2,2014,170796.0,56.1,
Sherpur-2,2008,234120.0,86.9,
Sherpur-2,2001,205829.0,78.3,
Sherpur-2,1996,155003.0,73.4,
Sherpur-2,1991,114560.0,55.4,
Sherpur-3,2014,104782.0,36.6,
Sherpur-3,2008,215881.0,84.9,
Sherpur-3,2001,178013.0,70.2,
Sherpur-3,1996,119450.0,61.0,
Sherpur-3,1991,100706.0,45.8,
Mymensingh-1,2016,185896.0,51.3,
Mymensingh-1,2008,237813.0,95.6,
Mymensingh-1,2001,125339.0,75.3,
Mymensingh-1,1996,98120.0,69.9,
Mymensingh-1,1991,74319.0,52.1,
Mymensingh-2,2008,270236.0,84.2,
Mymensingh-2,2001,225898.0,71.4,
Mymensingh-2,1996,142451.0,58.0,
Mymensingh-2,1991,92633.0,39.5,
Mymensingh-3,2014,58796.0,28.7,
Mymensingh-3,2008,260888.0,84.5,
Mymensingh-3,2001,128498.0,73.6,
Mymensingh-3,1996,97727.0,70.3,
Mymensingh-3,1991,85814.0,49.9,
Mymensingh-4,2008,263686.0,79.0,
Mymensingh-4,2001,266106.0,69.3,
Mymensingh-4,1996,197920.0,65.5,
Mymensingh-4,1991,127316.0,48.5,
Mymensingh-5,2008,205840.0,85.9,
Mymensingh-5,2001,170465.0,74.0,
Mymensingh-5,1996,120670.0,67.4,
Mymensingh-5,1991,81329.0,45.3,
Mymensingh-6,2014,172507.0,59.1,
Mymensingh-6,2008,210348.0,82.0,
Mymensingh-6,2001,170623.0,70.0,
Mymensingh-6,1996,107825.0,61.4,
Mymensingh-6,1991,83432.0,43.0,
Mymensingh-7,2014,70328.0,25.7,
Mymensingh-7,2008,197744.0,82.0,
Mymensingh-7,2001,159990.0,69.4,
Mymensingh-7,1996,109104.0,62.9,
Mymensingh-7,1991,88869.0,47.7,
Mymensingh-8,2008,178204.0,84.3,
Mymensingh-8,2001,138325.0,67.7,
Mymensingh-8,1996,91434.0,57.7,
Mymensingh-8,1991,73784.0,45.0,
Mymensingh-9,2008,187200.0,81.5,
Mymensingh-9,2001,150380.0,64.8,
Mymensingh-9,1996,105059.0,59.0,
Mymensingh-9,1991,80389.0,41.6,
Mymensingh-10,2014,189262.0,65.1,
Mymensingh-10,2008,216283.0,84.5,
Mymensingh-10,2001,198274.0,76.1,
Mymensingh-10,1996,144749.0,70.0,
Mymensingh-10,1991,125613.0,56.9,
Mymensingh-11,2014,102254.0,38.9,
Mymensingh-11,2008,202033.0,86.4,
Mymensingh-11,2001,148134.0,75.3,
Mymensingh-11,1996,109960.0,73.3,
Mymensingh-11,1991,87643.0,55.7,
Netrokona-1,2014,104252.0,34.7,
Netrokona-1,2008,219654.0,82.8,
Netrokona-1,2001,197038.0,78.2,
Netrokona-1,1996,149073.0,74.2,
Netrokona-1,1991,103111.0,48.9,
Netrokona-2,2014,115765.0,33.7,
Netrokona-2,2008,247211.0,84.1,
Netrokona-2,2001,225481.0,77.4,
Netrokona-2,1996,164731.0,73.7,
Netrokona-2,1991,118888.0,52.1,
Netrokona-3,2014,176433.0,60.4,
Netrokona-3,2008,221275.0,85.9,
Netrokona-3,2003,170705.0,62.4,
Netrokona-3,2001,202469.0,75.1,
Netrokona-3,1996,154833.0,74.0,
Netrokona-3,1991,116777.0,49.4,
Netrokona-4,2008,203824.0,87.1,
Netrokona-4,2001,175650.0,76.7,
Netrokona-4,1996,138574.0,79.3,
Netrokona-4,1991,121146.0,57.0,
Kishoreganj-1,2008,276622.0,84.2,
Kishoreganj-1,2001,177553.0,74.2,
Kishoreganj-1,1996,135288.0,72.1,
Kishoreganj-1,1991,100259.0,47.7,
Kishoreganj-4,2013,159157.0,57.4,
Kishoreganj-4,2008,208558.0,86.6,
Kishoreganj-4,2001,193671.0,74.6,
Kishoreganj-4,1996,140314.0,71.9,
Kishoreganj-4,1991,107304.0,49.4,
Kishoreganj-5,2008,190460.0,88.5,
Kishoreganj-5,2001,182635.0,72.3,
Kishoreganj-5,1996,146272.0,75.3,
Kishoreganj-5,1991,114386.0,51.3,
Kishoreganj-6,2009,174464.0,68.1,
Kishoreganj-6,2008,234424.0,91.5,
Kishoreganj-6,2001,161820.0,79.3,
Kishoreganj-6,1996,123851.0,76.7,
Kishoreganj-6,1991,104720.0,58.1,
Manikganj-1,2014,95427.0,27.8,
Manikganj-1,2008,269962.0,89.6,
Manikganj-1,2001,151100.0,74.7,
Manikganj-1,1996,115589.0,78.0,
Manikganj-1,1991,99419.0,55.8,
Manikganj-2,2008,275844.0,87.7,
Manikganj-2,2001,110588.0,48.6,
Manikganj-2,2001,156321.0,76.7,
Manikganj-2,1996,127983.0,80.5,
Manikganj-2,1991,120976.0,67.6,
Manikganj-3,2008,224818.0,88.7,
Manikganj-3,2001,186871.0,79.7,
Manikganj-3,1996,145158.0,81.1,
Manikganj-3,1991,126045.0,63.6,
Munshiganj-1,2014,203710.0,53.6,
Munshiganj-1,2008,288096.0,85.3,
Munshiganj-1,2001,162483.0,72.7,
Munshiganj-1,1996,124288.0,78.7,
Munshiganj-1,1991,122255.0,58.9,
Munshiganj-2,2014,138899.0,52.3,
Munshiganj-2,2008,196065.0,84.9,
Munshiganj-2,2001,144538.0,70.9,
Munshiganj-2,1996,116104.0,78.7,
Munshiganj-2,1991,118540.0,54.8,
Dhaka-1,2014,102031.0,26.9,
Dhaka-1,2008,283892.0,88.8,
Dhaka-1,2001,94033.0,78.8,
Dhaka-1,1996,69420.0,80.0,
Dhaka-1,1991,90739.0,60.7,
Dhaka-2,2008,316165.0,83.6,
Dhaka-2,2001,140489.0,78.5,
Dhaka-2,1996,108184.0,79.6,
Dhaka-2,1991,89406.0,57.4,
Dhaka-3,2008,192510.0,76.8,
Dhaka-3,2001,264971.0,68.0,
Dhaka-3,1996,207128.0,75.3,
Dhaka-3,1991,169799.0,58.7,
Dhaka-4,2014,32559.0,14.2,
Dhaka-4,2008,161394.0,80.1,
Dhaka-4,2001,290990.0,59.6,
Dhaka-4,1996,218502.0,65.9,
Dhaka-4,1991,117714.0,41.8,
Dhaka-5,2014,113669.0,27.7,
Dhaka-5,2008,283869.0,78.5,
Dhaka-5,2001,391324.0,61.8,
Dhaka-5,1996,278939.0,68.4,
Dhaka-5,1991,138445.0,47.7,
Dhaka-6,2014,53761.0,21.7,
Dhaka-6,2008,184210.0,82.0,
Dhaka-6,2001,282354.0,60.1,
Dhaka-6,1996,231317.0,67.0,
Dhaka-6,1991,109074.0,51.0,
Dhaka-7,2014,76581.0,24.4,
Dhaka-7,2008,223735.0,81.1,
Dhaka-7,2001,227207.0,67.3,
Dhaka-7,1996,193760.0,72.6,
Dhaka-7,1991,135194.0,58.1,
Dhaka-8,2008,164230.0,73.1,
Dhaka-8,2001,186181.0,64.5,
Dhaka-8,1996,157106.0,69.8,
Dhaka-8,1991,95466.0,47.5,
Dhaka-9,2008,276847.0,77.7,
Dhaka-9,2001,221651.0,56.3,
Dhaka-9,1996,190011.0,66.5,
Dhaka-9,1991,92700.0,50.3,
Dhaka-10,2008,261526.0,74.9,
Dhaka-10,2001,173954.0,56.1,
Dhaka-10,1996,157095.0,65.7,
Dhaka-10,1991,77991.0,48.2,
Dhaka-11,2008,210544.0,71.0,
Dhaka-11,2001,374944.0,59.7,
Dhaka-11,1996,270507.0,66.7,
Dhaka-11,1993,167119.0,60.3,
Dhaka-11,1991,116546.0,48.3,
Dhaka-12,2008,190657.0,73.1,
Dhaka-12,2001,244861.0,69.7,
Dhaka-12,1996,159203.0,74.9,
Dhaka-12,1991,121686.0,59.3,
Dhaka-15,2018,214942.0,64.39,
Dhaka-15,2014,33404.0,10.5,
Dhaka-15,2008,207498.0,71.7,
Dhaka-16,2014,61716.0,18.0,
Dhaka-16,2008,223518.0,74.3,
Dhaka-17,2023,37037.0,11.51,325205.0
Dhaka-17,2018,206394.0,65.8,313875.0
Dhaka-17,2014,69677.0,24.0,
Dhaka-17,2008,185258.0,70.7,
Dhaka-18,2014,167237.0,33.4,
Dhaka-18,2008,334794.0,75.7,
Dhaka-19,2008,456591.0,75.8,
Dhaka-20,2008,227135.0,88.5,
Gazipur-2,2008,411693.0,78.1,
Gazipur-2,2001,372951.0,69.0,
Gazipur-2,1996,256187.0,75.9,
Gazipur-2,1991,179551.0,61.8,
Gazipur-3,2008,349954.0,86.5,
Gazipur-3,2001,123826.0,80.4,
Gazipur-3,1996,94627.0,83.2,
Gazipur-3,1991,102884.0,65.9,
Gazipur-4,2014,122346.0,53.3,
Gazipur-4,2012,91178.0,43.3,
Gazipur-4,2008,177562.0,87.8,
Gazipur-4,2001,157508.0,79.5,
Gazipur-4,1996,117749.0,78.9,
Gazipur-4,1991,104764.0,59.9,
Gazipur-5,2008,204646.0,89.1,
Narsingdi-1,2014,85371.0,25.9,
Narsingdi-1,2008,235089.0,87.3,
Narsingdi-1,2001,192019.0,74.0,
Narsingdi-1,1996,146589.0,74.3,
Narsingdi-1,1991,137284.0,57.8,
Narsingdi-2,2014,65457.0,32.2,
Narsingdi-2,2008,182875.0,88.5,
Narsingdi-2,2001,128428.0,80.6,
Narsingdi-2,1996,105801.0,81.5,
Narsingdi-2,1991,90565.0,65.8,
Narsingdi-3,2018,158554.0,70.59,
Narsingdi-3,2014,86546.0,45.0,
Narsingdi-3,2008,179908.0,89.7,
Narsingdi-3,2001,124968.0,80.4,
Narsingdi-3,1996,101246.0,83.5,
Narsingdi-3,1991,87791.0,62.5,
Narsingdi-4,2008,235364.0,88.6,
Narsingdi-4,2001,205693.0,80.3,
Narsingdi-4,1996,169243.0,82.9,
Narsingdi-4,1991,133606.0,58.3,
Narsingdi-5,2008,222538.0,88.9,
Narsingdi-5,2001,220722.0,76.1,
Narsingdi-5,1996,168165.0,76.5,
Narsingdi-5,1991,161892.0,57.9,
Narayanganj-2,2008,198158.0,91.3,
Narayanganj-2,2001,156259.0,80.5,
Narayanganj-2,1996,125966.0,82.8,
Narayanganj-2,1991,112326.0,67.0,
Narayanganj-4,2018,491242.0,75.45,651099.0
Narayanganj-4,2008,290672.0,79.6,
Narayanganj-4,2001,256094.0,68.3,
Narayanganj-4,1996,189162.0,71.3,
Narayanganj-4,1991,135342.0,52.4,
Narayanganj-5,2008,305789.0,96.9,
Narayanganj-5,2001,169649.0,76.8,
Narayanganj-5,1996,143973.0,79.7,
Narayanganj-5,1991,126819.0,56.1,
Rajbari-1,2008,236296.0,88.5,
Rajbari-1,2001,197579.0,69.6,
Rajbari-1,1996,147558.0,79.6,
Rajbari-1,1991,116030.0,62.1,
Faridpur-1,2008,283684.0,89.4,
Faridpur-1,2001,249375.0,81.6,
Faridpur-1,1996,196735.0,82.6,
Faridpur-1,1991,160609.0,57.0,
Faridpur-2,2008,192601.0,89.0,
Faridpur-2,2001,162247.0,79.0,
Faridpur-2,1996,119366.0,76.8,
Faridpur-2,1991,97115.0,56.6,
Faridpur-3,2008,231176.0,86.4,
Faridpur-3,2001,186969.0,77.5,
Faridpur-3,1996,154335.0,82.8,
Faridpur-3,1991,132838.0,65.4,
Faridpur-4,2018,250793.0,67.66,370695.0
Faridpur-4,2014,171107.0,53.2,
Faridpur-4,2008,237981.0,85.9,
Faridpur-4,2002,89901.0,54.3,
Faridpur-4,2001,112862.0,67.8,
Faridpur-4,1996,94196.0,74.0,
Faridpur-4,1991,87254.0,51.2,
Gopalganj-1,2014,246167.0,89.0,
Gopalganj-1,2008,200030.0,82.6,
Gopalganj-1,2001,185186.0,72.1,
Gopalganj-1,1996,137553.0,73.4,
Gopalganj-1,1991,121756.0,52.7,
Gopalganj-2,2014,241675.0,89.8,
Gopalganj-2,2008,194217.0,81.1,
Gopalganj-2,2001,197579.0,80.2,
Gopalganj-2,1996,133275.0,75.1,
Gopalganj-2,1991,122731.0,48.2,
Gopalganj-3,2018,229747.0,93.2,
Gopalganj-3,2014,189615.0,89.5,
Gopalganj-3,2008,163630.0,86.8,
Gopalganj-3,2001,162685.0,87.3,
Gopalganj-3,1996,111397.0,79.8,
Gopalganj-3,1991,94109.0,56.0,
Madaripur-1,2018,227866.0,85.6,
Madaripur-1,2008,156015.0,85.6,
Madaripur-1,2001,147728.0,68.0,
Madaripur-1,1996,95169.0,68.7,
Madaripur-1,1991,104069.0,47.1,
Madaripur-2,2008,215973.0,80.8,
Madaripur-2,2001,188197.0,67.7,
Madaripur-2,1996,145677.0,72.8,
Madaripur-2,1991,132526.0,50.9,
Madaripur-3,2008,188165.0,84.0,
Madaripur-3,2001,171946.0,70.1,
Madaripur-3,1996,122669.0,70.2,
Madaripur-3,1991,111893.0,48.5,
Shariatpur-1,2008,183264.0,84.8,
Shariatpur-1,2001,182003.0,69.2,
Shariatpur-1,1996,130194.0,73.7,
Shariatpur-1,1991,115058.0,47.8,
Shariatpur-2,2008,194904.0,86.3,
Shariatpur-2,2001,100917.0,68.1,
Shariatpur-2,1996,82339.0,73.0,
Shariatpur-2,1991,71402.0,43.3,
Shariatpur-3,2008,158481.0,87.4,
Shariatpur-3,2001,222930.0,72.7,
Shariatpur-3,1996,172432.0,77.8,
Shariatpur-3,1991,142297.0,53.0,
Sunamganj-1,2014,121562.0,34.6,
Sunamganj-1,2008,266426.0,86.7,
Sunamganj-1,2001,225575.0,76.2,
Sunamganj-1,1996,164414.0,73.2,
Sunamganj-1,1991,119533.0,47.9,
Sunamganj-2,2017,138115.0,54.7,
Sunamganj-2,2008,173482.0,88.1,
Sunamganj-2,2001,150582.0,79.8,
Sunamganj-2,1996,121192.0,83.4,
Sunamganj-2,1991,100294.0,63.4,
Sunamganj-3,2014,95439.0,37.0,
Sunamganj-3,2008,192742.0,85.2,
Sunamganj-3,2001,151533.0,71.9,
Sunamganj-3,1996,108007.0,68.2,
Sunamganj-3,1991,86121.0,43.0,
Sunamganj-4,2008,197472.0,85.5,
Sunamganj-4,2001,143831.0,74.0,
Sunamganj-4,1996,109186.0,71.1,
Sunamganj-4,1991,92587.0,56.2,
Sunamganj-5,2014,167758.0,47.7,
Sunamganj-5,2008,253606.0,86.5,
Sunamganj-5,2001,208232.0,69.8,
Sunamganj-5,1996,147782.0,67.2,
Sunamganj-5,1991,123041.0,49.6,
Sylhet-1,2018,424571.0,78.01,544244.0
Sylhet-1,2008,321855.0,76.0,
Sylhet-1,2001,250324.0,67.9,
Sylhet-1,1996,183280.0,66.6,
Sylhet-1,1991,117054.0,40.3,
Sylhet-2,2014,65546.0,23.1,
Sylhet-2,2008,217437.0,87.1,
Sylhet-2,2001,190007.0,72.2,
Sylhet-2,1996,131497.0,65.0,
Sylhet-2,1991,97265.0,39.3,
Sylhet-3,2008,182476.0,85.2,
Sylhet-3,2001,118593.0,73.1,
Sylhet-3,1996,90879.0,70.0,
Sylhet-3,1991,87076.0,51.7,
Sylhet-4,2014,87597.0,26.8,
Sylhet-4,2008,243995.0,86.0,
Sylhet-4,2001,137691.0,70.6,
Sylhet-4,1996,92928.0,61.9,
Sylhet-4,1991,53831.0,35.0,
Sylhet-5,2008,200456.0,82.1,
Sylhet-5,2001,158267.0,66.0,
Sylhet-5,1996,116891.0,62.4,
Sylhet-5,1991,90593.0,43.9,
Sylhet-6,2008,242728.0,82.3,
Sylhet-6,2001,187784.0,68.6,
Sylhet-6,1996,152076.0,67.9,
Sylhet-6,1991,125908.0,48.3,
Moulvibazar-1,2014,113669.0,48.9,
Moulvibazar-1,2008,176740.0,87.0,
Moulvibazar-1,2001,113587.0,87.7,
Moulvibazar-1,1996,83757.0,78.0,
Moulvibazar-1,1991,73052.0,60.6,
Moulvibazar-2,2008,212669.0,85.1,
Moulvibazar-2,2001,172879.0,79.9,
Moulvibazar-2,1996,133635.0,75.5,
Moulvibazar-2,1991,115906.0,61.3,
Moulvibazar-3,2008,262124.0,84.8,
Moulvibazar-3,2001,109188.0,39.5,
Moulvibazar-3,2001,208668.0,75.2,
Moulvibazar-3,1996,170082.0,75.5,
Moulvibazar-3,1991,132961.0,50.9,
Moulvibazar-4,2008,214449.0,85.7,
Moulvibazar-4,2001,218682.0,76.0,
Moulvibazar-4,1996,179921.0,75.7,
Moulvibazar-4,1991,146138.0,59.8,
Habiganj-1,2008,237550.0,83.3,
Habiganj-1,2001,186246.0,70.8,
Habiganj-1,1996,138270.0,68.0,
Habiganj-1,1991,107316.0,45.4,
Habiganj-2,2018,241191.0,78.57,
Habiganj-2,2008,203375.0,85.0,
Habiganj-2,2001,161481.0,71.8,
Habiganj-2,1996,112970.0,64.0,
Habiganj-2,1996,128555.0,72.9,
Habiganj-2,1991,106402.0,54.8,
Habiganj-3,2014,118992.0,41.5,
Habiganj-3,2008,210057.0,82.7,
Habiganj-3,2001,174285.0,73.9,
Habiganj-3,1996,129379.0,71.2,
Habiganj-3,1991,93749.0,47.4,
Habiganj-4,2014,140542.0,38.2,
Habiganj-4,2008,284196.0,87.1,
Habiganj-4,2001,237504.0,76.3,
Habiganj-4,1996,189312.0,75.3,
Habiganj-4,1991,148488.0,55.2,
Brahmanbaria-1,2018,118167.0,55.2,
Brahmanbaria-1,2014,77483.0,41.0,
Brahmanbaria-1,2008,187680.0,94.1,
Brahmanbaria-1,2001,125232.0,78.8,
Brahmanbaria-1,1996,91556.0,75.6,
Brahmanbaria-1,1991,90490.0,64.8,
Brahmanbaria-2,2014,68504.0,23.4,
Brahmanbaria-2,2008,241131.0,79.5,
Brahmanbaria-2,2001,179059.0,72.5,
Brahmanbaria-2,1996,141740.0,77.2,
Brahmanbaria-2,1991,116643.0,53.4,
Brahmanbaria-3,2014,282022.0,63.4,
Brahmanbaria-3,2008,250397.0,85.9,
Brahmanbaria-3,2001,280491.0,72.2,
Brahmanbaria-3,1996,221637.0,77.0,
Brahmanbaria-3,1991,176406.0,54.8,
Brahmanbaria-4,2008,203541.0,85.5,
Brahmanbaria-4,2001,168098.0,67.8,
Brahmanbaria-4,1996,132400.0,76.0,
Brahmanbaria-4,1991,117432.0,50.4,
Brahmanbaria-5,2014,150992.0,55.0,
Brahmanbaria-5,2008,195078.0,83.4,
Brahmanbaria-5,2001,173332.0,65.3,
Brahmanbaria-5,1996,131992.0,68.7,
Brahmanbaria-5,1991,144936.0,50.0,
Brahmanbaria-6,2008,154034.0,86.5,
Brahmanbaria-6,2001,126570.0,71.3,
Brahmanbaria-6,1996,100298.0,76.1,
Brahmanbaria-6,1991,99258.0,55.8,
Chandpur-1,2008,190201.0,86.4,
Chandpur-1,2001,149159.0,73.7,
Chandpur-1,1996,98378.0,69.3,
Chandpur-1,1991,83848.0,46.5,
Chandpur-2,2008,222997.0,82.2,
Chandpur-2,2001,130901.0,57.7,
Chandpur-2,1996,112296.0,72.0,
Chandpur-2,1991,94050.0,47.3,
Chandpur-3,2008,258074.0,82.8,
Chandpur-3,2001,123718.0,62.3,
Chandpur-3,1996,99481.0,68.3,
Chandpur-3,1991,86536.0,43.5,
Chandpur-4,2008,174401.0,78.0,
Chandpur-4,2001,162923.0,62.8,
Chandpur-4,1996,127993.0,66.6,
Chandpur-4,1991,105101.0,43.5,
Chandpur-5,2008,255665.0,86.7,
Chandpur-5,2001,212384.0,72.3,
Chandpur-5,1996,151584.0,71.9,
Chandpur-5,1991,119372.0,44.2,
Feni-1,2008,175079.0,78.7,
Feni-1,2001,142844.0,69.1,
Feni-1,1996,117152.0,74.5,
Feni-1,1991,94103.0,45.4,
Feni-2,2008,209096.0,80.1,
Feni-2,2001,187738.0,68.2,
Feni-2,1996,153359.0,72.2,
Feni-2,1991,111305.0,40.3,
Feni-3,2014,72956.0,22.0,
Feni-3,2008,236248.0,83.7,
Feni-3,2001,137952.0,67.2,
Feni-3,1996,112232.0,67.3,
Feni-3,1991,89516.0,42.6,
Noakhali-1,2008,192350.0,77.7,
Noakhali-1,2001,93011.0,63.1,
Noakhali-1,1996,67377.0,66.2,
Noakhali-1,1991,67000.0,33.2,
Noakhali-2,2008,156481.0,82.8,
Noakhali-2,2001,255402.0,60.3,
Noakhali-2,1996,184055.0,61.0,
Noakhali-2,1991,129986.0,35.0,
Noakhali-3,2008,226206.0,79.6,
Noakhali-3,2001,86140.0,66.7,
Noakhali-3,1996,56321.0,62.7,
Noakhali-3,1991,51189.0,38.0,
Noakhali-4,2008,286145.0,84.3,
Noakhali-4,2001,201891.0,59.2,
Noakhali-4,1996,134324.0,59.2,
Noakhali-4,1991,92099.0,33.3,
Noakhali-5,2008,224545.0,85.8,
Noakhali-5,2001,175281.0,65.3,
Noakhali-5,1996,109678.0,63.8,
Noakhali-5,1991,87290.0,35.3,
Noakhali-6,2014,98870.0,45.9,
Noakhali-6,2008,142435.0,88.5,
Noakhali-6,2001,100804.0,59.4,
Noakhali-6,1996,85017.0,62.8,
Noakhali-6,1991,63655.0,42.9,
Lakshmipur-1,2014,73801.0,39.8,
Lakshmipur-1,2008,132205.0,81.7,
Lakshmipur-1,2001,104665.0,66.4,
Lakshmipur-1,1996,65063.0,59.4,
Lakshmipur-1,1991,60963.0,37.6,
Lakshmipur-2,2008,222815.0,83.7,
Lakshmipur-2,2001,171010.0,62.7,
Lakshmipur-2,1996,114327.0,62.2,
Lakshmipur-2,1991,72147.0,29.4,
Lakshmipur-4,2014,114419.0,42.9,
Lakshmipur-4,2008,178767.0,77.4,
Lakshmipur-4,2001,128983.0,53.8,
Lakshmipur-4,1996,95750.0,61.7,
Lakshmipur-4,1991,78216.0,40.5,
Cox's Bazar-1,2008,278504.0,89.3,
Cox's Bazar-1,2001,212438.0,74.7,
Cox's Bazar-1,1996,157026.0,74.2,
Cox's Bazar-1,1991,108368.0,51.3,
Cox's Bazar-2,2008,193357.0,85.6,
Cox's Bazar-2,2001,153119.0,71.7,
Cox's Bazar-2,1996,109025.0,69.9,
Cox's Bazar-2,1991,81906.0,48.2,
Cox's Bazar-3,2008,277092.0,94.4,
Cox's Bazar-3,2001,123919.0,42.6,
Cox's Bazar-3,1996,159451.0,74.8,
Cox's Bazar-3,1991,106322.0,53.0,
Cox's Bazar-4,2014,112722.0,48.3,
Cox's Bazar-4,2008,183612.0,88.4,
Cox's Bazar-4,2001,138482.0,73.2,
Cox's Bazar-4,1996,100955.0,69.2,
Cox's Bazar-4,1991,75642.0,53.0,
Comilla-1,2014,111245.0,36.3,
Comilla-1,2008,215646.0,83.1,
Comilla-1,2001,109657.0,62.7,
Comilla-1,1996,101351.0,62.1,
Comilla-1,1991,97158.0,47.8,
Comilla-2,2008,175191.0,83.4,
Comilla-2,2001,211730.0,62.2,
Comilla-2,1996,157237.0,67.6,
Comilla-2,1991,99950.0,41.0,
Comilla-3,2014,136197.0,40.9,
Comilla-3,2008,237837.0,84.5,
Comilla-3,2001,199155.0,65.0,
Comilla-3,1996,157423.0,75.6,
Comilla-3,1991,130853.0,47.9,
Comilla-4,2014,78147.0,28.7,
Comilla-4,2008,198395.0,85.6,
Comilla-4,2001,155695.0,64.5,
Comilla-4,1996,126873.0,73.3,
Comilla-4,1991,92503.0,42.2,
Comilla-5,2014,215088.0,67.0,
Comilla-5,2008,224959.0,83.2,
Comilla-5,2001,190830.0,71.4,
Comilla-5,1996,131417.0,70.8,
Comilla-5,1991,108350.0,43.7,
Comilla-6,2014,98206.0,31.1,
Comilla-6,2008,231017.0,79.9,
Comilla-6,2001,127723.0,69.0,
Comilla-6,1996,97421.0,73.1,
Comilla-6,1991,76541.0,50.0,
Comilla-7,2008,169265.0,86.0,
Comilla-7,2001,152920.0,74.4,
Comilla-7,1996,111391.0,72.6,
Comilla-7,1991,93899.0,52.8,
Comilla-8,2008,267646.0,84.4,
Comilla-8,2001,134969.0,59.5,
Comilla-8,1996,116699.0,68.5,
Comilla-8,1991,97128.0,55.0,
Comilla-9,2014,175387.0,54.5,
Comilla-9,2008,239390.0,90.5,
Comilla-9,2001,146464.0,75.1,
Comilla-9,1996,111535.0,75.2,
Comilla-9,1991,91006.0,55.0,
Comilla-10,2008,231353.0,81.5,
Comilla-10,2001,185513.0,70.1,
Comilla-10,1996,134495.0,72.2,
Comilla-10,1991,101838.0,42.0,
Comilla-11,2008,193579.0,80.9,
Comilla-11,2001,135964.0,73.8,
Comilla-11,1996,76877.0,58.7,
Comilla-11,1991,61177.0,38.3,
Chittagong-1,2008,201094.0,85.5,
Chittagong-1,2001,171351.0,76.2,
Chittagong-1,1996,114740.0,66.4,
Chittagong-1,1996,137702.0,78.5,
Chittagong-1,1991,127810.0,60.0,
Chittagong-2,2014,138515.0,42.5,
Chittagong-2,2008,222697.0,85.1,
Chittagong-2,2001,136919.0,76.4,
Chittagong-2,1996,104635.0,76.6,
Chittagong-2,1991,80394.0,58.2,
Chittagong-3,2018,167554.0,82.69,202635.0
Chittagong-3,2014,116083.0,65.6,
Chittagong-3,2008,250726.0,81.8,
Chittagong-3,2001,109088.0,67.8,
Chittagong-3,1996,79653.0,65.3,
Chittagong-3,1991,85647.0,51.2,
Chittagong-4,2014,161279.0,46.1,
Chittagong-4,2008,246628.0,97.8,
Chittagong-4,2001,193095.0,69.8,
Chittagong-4,1996,137954.0,70.0,
Chittagong-4,1991,109790.0,43.7,
Chittagong-5,2008,165317.0,78.7,
Chittagong-5,2001,164945.0,72.7,
Chittagong-5,1996,120254.0,69.9,
Chittagong-5,1991,101780.0,52.3,
Chittagong-6,2008,173413.0,87.4,
Chittagong-6,2001,143398.0,69.6,
Chittagong-6,1996,95597.0,66.7,
Chittagong-6,1991,90019.0,47.5,
Chittagong-7,2008,291267.0,77.4,
Chittagong-7,2001,132817.0,72.6,
Chittagong-7,1996,94271.0,69.4,
Chittagong-7,1991,85923.0,54.0,
Chittagong-8,2008,252386.0,79.8,
Chittagong-8,2001,320077.0,66.1,
Chittagong-8,1996,247377.0,70.4,
Chittagong-8,1991,133148.0,56.0,
Chittagong-9,2018,241998.0,61.99,390431.0
Chittagong-9,2014,86781.0,23.9,
Chittagong-9,2008,282371.0,92.4,
Chittagong-9,2001,249376.0,60.3,
Chittagong-9,1996,203372.0,66.8,
Chittagong-9,1991,110140.0,49.4,
Chittagong-10,2018,331411.0,70.88,469314.0
Chittagong-10,2008,318760.0,65.7,
Chittagong-10,2001,212432.0,67.2,
Chittagong-10,1996,174676.0,73.7,
Chittagong-10,1991,110351.0,51.8,
Chittagong-11,2014,67600.0,13.9,
Chittagong-11,2008,187405.0,86.5,
Chittagong-11,2001,154036.0,73.6,
Chittagong-11,1996,116575.0,73.9,
Chittagong-11,1991,110343.0,59.0,
Chittagong-12,2014,138411.0,55.4,
Chittagong-12,2008,202954.0,88.0,
Chittagong-12,2001,150157.0,70.5,
Chittagong-12,1996,111620.0,70.4,
Chittagong-12,1991,90451.0,47.7,
Chittagong-13,2014,186357.0,68.3,
Chittagong-13,2008,179029.0,88.1,
Chittagong-13,2001,130227.0,74.5,
Chittagong-13,1996,100794.0,77.7,
Chittagong-13,1991,87563.0,56.7,
Chittagong-14,2008,235433.0,86.9,
Chittagong-14,2001,220891.0,74.6,
Chittagong-14,1996,157355.0,70.5,
Chittagong-14,1991,136150.0,49.5,
Chittagong-15,2014,106314.0,31.6,
Chittagong-15,2008,193314.0,85.7,
Chittagong-15,2001,161322.0,72.7,
Chittagong-15,1996,119575.0,67.7,
Chittagong-15,1991,92319.0,48.4,
Chittagong-16,2014,154703.0,57.6,
Chittagong-16,2008,116751.0,76.3,
Khagrachari,2018,349019.0,78.99,441843.0
Bandarban,2018,203688.0,82.51,246873.0
